table_name,column_name,original_metric_name,data_type,description,unit,higher_is_better,source_population,population_definition,recommended_aggregation,source,metric_origin,nullable,currently_populated
artificial_analysis_benchmarks,aa_aime25,Aime25,Decimal number,Reserved column for Artificial Analysis metric 'aa_aime25' (currently unpopulated in snapshot).,,True,0,Non-null model variant observations in export snapshot (0 records),Average,Artificial Analysis,Artificial Analysis,True,False
artificial_analysis_benchmarks,aa_apex_agents,Apex Agents,Decimal number,Artificial Analysis export field aa_apex_agents,,True,14,Non-null model variant observations in export snapshot (14 records),Average,Artificial Analysis,Artificial Analysis,True,True
artificial_analysis_benchmarks,aa_arena_elo,Arena Elo,Decimal number,Reserved column for Artificial Analysis metric 'aa_arena_elo' (currently unpopulated in snapshot).,,True,0,Non-null model variant observations in export snapshot (0 records),Average,Artificial Analysis,Artificial Analysis,True,False
artificial_analysis_benchmarks,aa_blended_cost_usd_per_1m,Blended Cost Usd Per 1M,Decimal number,Artificial Analysis export field aa_blended_cost_usd_per_1m,USD / 1M tokens,False,218,Non-null model variant observations in export snapshot (218 records),Average,Artificial Analysis,Artificial Analysis,True,True
artificial_analysis_benchmarks,aa_cache_read_cost_usd_per_1m,Cache Read Cost Usd Per 1M,Decimal number,Reserved column for Artificial Analysis metric 'aa_cache_read_cost_usd_per_1m' (currently unpopulated in snapshot).,USD / 1M tokens,False,0,Non-null model variant observations in export snapshot (0 records),Average,Artificial Analysis,Artificial Analysis,True,False
artificial_analysis_benchmarks,aa_cache_write_cost_usd_per_1m,Cache Write Cost Usd Per 1M,Decimal number,Reserved column for Artificial Analysis metric 'aa_cache_write_cost_usd_per_1m' (currently unpopulated in snapshot).,USD / 1M tokens,False,0,Non-null model variant observations in export snapshot (0 records),Average,Artificial Analysis,Artificial Analysis,True,False
artificial_analysis_benchmarks,aa_context_window_tokens,Context Window Tokens,Decimal number,Artificial Analysis export field aa_context_window_tokens,,True,296,Non-null model variant observations in export snapshot (296 records),Average,Artificial Analysis,Artificial Analysis,True,True
artificial_analysis_benchmarks,aa_cost_per_task_usd,Cost Per Task Usd,Decimal number,Reserved column for Artificial Analysis metric 'aa_cost_per_task_usd' (currently unpopulated in snapshot).,USD / 1M tokens,False,0,Non-null model variant observations in export snapshot (0 records),Average,Artificial Analysis,Artificial Analysis,True,False
artificial_analysis_benchmarks,aa_critpt,Critpt,Decimal number,Artificial Analysis export field aa_critpt,,True,284,Non-null model variant observations in export snapshot (284 records),Average,Artificial Analysis,Artificial Analysis,True,True
artificial_analysis_benchmarks,aa_gdpval,Gdpval,Decimal number,Artificial Analysis export field aa_gdpval,,True,178,Non-null model variant observations in export snapshot (178 records),Average,Artificial Analysis,Artificial Analysis,True,True
artificial_analysis_benchmarks,aa_gpqa,Gpqa,Decimal number,Artificial Analysis export field aa_gpqa,,True,288,Non-null model variant observations in export snapshot (288 records),Average,Artificial Analysis,Artificial Analysis,True,True
artificial_analysis_benchmarks,aa_hle,Hle,Decimal number,Artificial Analysis export field aa_hle,,True,287,Non-null model variant observations in export snapshot (287 records),Average,Artificial Analysis,Artificial Analysis,True,True
artificial_analysis_benchmarks,aa_ifbench,Ifbench,Decimal number,Artificial Analysis export field aa_ifbench,,True,200,Non-null model variant observations in export snapshot (200 records),Average,Artificial Analysis,Artificial Analysis,True,True
artificial_analysis_benchmarks,aa_input_cost_usd_per_1m,Input Cost Usd Per 1M,Decimal number,Artificial Analysis export field aa_input_cost_usd_per_1m,USD / 1M tokens,False,218,Non-null model variant observations in export snapshot (218 records),Average,Artificial Analysis,Artificial Analysis,True,True
artificial_analysis_benchmarks,aa_intelligence_score,Intelligence Score,Decimal number,Artificial Analysis export field aa_intelligence_score,index,True,288,Non-null model variant observations in export snapshot (288 records),Average,Artificial Analysis,Artificial Analysis,True,True
artificial_analysis_benchmarks,aa_itbench,Itbench,Decimal number,Artificial Analysis export field aa_itbench,,True,16,Non-null model variant observations in export snapshot (16 records),Average,Artificial Analysis,Artificial Analysis,True,True
artificial_analysis_benchmarks,aa_latency_first_token_seconds,Latency First Token Seconds,Decimal number,Artificial Analysis export field aa_latency_first_token_seconds,seconds,False,191,Non-null model variant observations in export snapshot (191 records),Average,Artificial Analysis,Artificial Analysis,True,True
artificial_analysis_benchmarks,aa_latency_p25_seconds,Latency P25 Seconds,Decimal number,Artificial Analysis export field aa_latency_p25_seconds,seconds,False,191,Non-null model variant observations in export snapshot (191 records),Average,Artificial Analysis,Artificial Analysis,True,True
artificial_analysis_benchmarks,aa_latency_p5_seconds,Latency P5 Seconds,Decimal number,Artificial Analysis export field aa_latency_p5_seconds,seconds,False,191,Non-null model variant observations in export snapshot (191 records),Average,Artificial Analysis,Artificial Analysis,True,True
artificial_analysis_benchmarks,aa_latency_p75_seconds,Latency P75 Seconds,Decimal number,Artificial Analysis export field aa_latency_p75_seconds,seconds,False,191,Non-null model variant observations in export snapshot (191 records),Average,Artificial Analysis,Artificial Analysis,True,True
artificial_analysis_benchmarks,aa_latency_p95_seconds,Latency P95 Seconds,Decimal number,Artificial Analysis export field aa_latency_p95_seconds,seconds,False,191,Non-null model variant observations in export snapshot (191 records),Average,Artificial Analysis,Artificial Analysis,True,True
artificial_analysis_benchmarks,aa_latency_seconds,Latency Seconds,Decimal number,Artificial Analysis export field aa_latency_seconds,seconds,False,191,Non-null model variant observations in export snapshot (191 records),Average,Artificial Analysis,Artificial Analysis,True,True
artificial_analysis_benchmarks,aa_lcr,Lcr,Decimal number,Artificial Analysis export field aa_lcr,,True,276,Non-null model variant observations in export snapshot (276 records),Average,Artificial Analysis,Artificial Analysis,True,True
artificial_analysis_benchmarks,aa_livecodebench,Livecodebench,Decimal number,Reserved column for Artificial Analysis metric 'aa_livecodebench' (currently unpopulated in snapshot).,,True,0,Non-null model variant observations in export snapshot (0 records),Average,Artificial Analysis,Artificial Analysis,True,False
artificial_analysis_benchmarks,aa_mmmu_pro,Mmmu Pro,Decimal number,Artificial Analysis export field aa_mmmu_pro,,True,140,Non-null model variant observations in export snapshot (140 records),Average,Artificial Analysis,Artificial Analysis,True,True
artificial_analysis_benchmarks,aa_multimodal_score,Multimodal Score,Decimal number,Reserved column for Artificial Analysis metric 'aa_multimodal_score' (currently unpopulated in snapshot).,index,True,0,Non-null model variant observations in export snapshot (0 records),Average,Artificial Analysis,Artificial Analysis,True,False
artificial_analysis_benchmarks,aa_non_hallucination_rate,Non Hallucination Rate,Decimal number,Artificial Analysis export field aa_non_hallucination_rate,,True,282,Non-null model variant observations in export snapshot (282 records),Average,Artificial Analysis,Artificial Analysis,True,True
artificial_analysis_benchmarks,aa_official_coding_index,Official Coding Index,Decimal number,Artificial Analysis export field aa_official_coding_index,index,True,284,Non-null model variant observations in export snapshot (284 records),Average,Artificial Analysis,Artificial Analysis,True,True
artificial_analysis_benchmarks,aa_omniscience_accuracy,Omniscience Accuracy,Decimal number,Artificial Analysis export field aa_omniscience_accuracy,,True,282,Non-null model variant observations in export snapshot (282 records),Average,Artificial Analysis,Artificial Analysis,True,True
artificial_analysis_benchmarks,aa_omniscience_index,Omniscience Index,Decimal number,Artificial Analysis export field aa_omniscience_index,index,True,282,Non-null model variant observations in export snapshot (282 records),Average,Artificial Analysis,Artificial Analysis,True,True
artificial_analysis_benchmarks,aa_output_cost_usd_per_1m,Output Cost Usd Per 1M,Decimal number,Artificial Analysis export field aa_output_cost_usd_per_1m,USD / 1M tokens,False,218,Non-null model variant observations in export snapshot (218 records),Average,Artificial Analysis,Artificial Analysis,True,True
artificial_analysis_benchmarks,aa_reasoning_score,Reasoning Score,Decimal number,Reserved column for Artificial Analysis metric 'aa_reasoning_score' (currently unpopulated in snapshot).,index,True,0,Non-null model variant observations in export snapshot (0 records),Average,Artificial Analysis,Artificial Analysis,True,False
artificial_analysis_benchmarks,aa_reasoning_time_seconds,Reasoning Time Seconds,Decimal number,Artificial Analysis export field aa_reasoning_time_seconds,seconds,True,81,Non-null model variant observations in export snapshot (81 records),Average,Artificial Analysis,Artificial Analysis,True,True
artificial_analysis_benchmarks,aa_scicode,Scicode,Decimal number,Artificial Analysis export field aa_scicode,,True,89,Non-null model variant observations in export snapshot (89 records),Average,Artificial Analysis,Artificial Analysis,True,True
artificial_analysis_benchmarks,aa_speed_p25_tokens_per_second,Speed P25 Tokens Per Second,Decimal number,Artificial Analysis export field aa_speed_p25_tokens_per_second,tokens/sec,True,191,Non-null model variant observations in export snapshot (191 records),Average,Artificial Analysis,Artificial Analysis,True,True
artificial_analysis_benchmarks,aa_speed_p5_tokens_per_second,Speed P5 Tokens Per Second,Decimal number,Artificial Analysis export field aa_speed_p5_tokens_per_second,tokens/sec,True,191,Non-null model variant observations in export snapshot (191 records),Average,Artificial Analysis,Artificial Analysis,True,True
artificial_analysis_benchmarks,aa_speed_p75_tokens_per_second,Speed P75 Tokens Per Second,Decimal number,Artificial Analysis export field aa_speed_p75_tokens_per_second,tokens/sec,True,191,Non-null model variant observations in export snapshot (191 records),Average,Artificial Analysis,Artificial Analysis,True,True
artificial_analysis_benchmarks,aa_speed_p95_tokens_per_second,Speed P95 Tokens Per Second,Decimal number,Artificial Analysis export field aa_speed_p95_tokens_per_second,tokens/sec,True,191,Non-null model variant observations in export snapshot (191 records),Average,Artificial Analysis,Artificial Analysis,True,True
artificial_analysis_benchmarks,aa_tau2,Tau2,Decimal number,Artificial Analysis export field aa_tau2,,True,198,Non-null model variant observations in export snapshot (198 records),Average,Artificial Analysis,Artificial Analysis,True,True
artificial_analysis_benchmarks,aa_tau3_banking,Tau3 Banking,Decimal number,Artificial Analysis export field aa_tau3_banking,,True,147,Non-null model variant observations in export snapshot (147 records),Average,Artificial Analysis,Artificial Analysis,True,True
artificial_analysis_benchmarks,aa_terminalbench_hard,Terminalbench Hard,Decimal number,Artificial Analysis export field aa_terminalbench_hard,,True,197,Non-null model variant observations in export snapshot (197 records),Average,Artificial Analysis,Artificial Analysis,True,True
artificial_analysis_benchmarks,aa_terminalbench_v21,Terminalbench V21,Decimal number,Artificial Analysis export field aa_terminalbench_v21,,True,177,Non-null model variant observations in export snapshot (177 records),Average,Artificial Analysis,Artificial Analysis,True,True
artificial_analysis_benchmarks,aa_tokens_per_second,Tokens Per Second,Decimal number,Artificial Analysis export field aa_tokens_per_second,tokens/sec,True,191,Non-null model variant observations in export snapshot (191 records),Average,Artificial Analysis,Artificial Analysis,True,True
artificial_analysis_benchmarks,aa_total_response_time_seconds,Total Response Time Seconds,Decimal number,Artificial Analysis export field aa_total_response_time_seconds,seconds,False,191,Non-null model variant observations in export snapshot (191 records),Average,Artificial Analysis,Artificial Analysis,True,True
artificial_analysis_benchmarks,availability_class,Availability Class,Text,Artificial Analysis export field availability_class,,True,296,Non-null model variant observations in export snapshot (296 records),Do not summarize,Artificial Analysis / LLMDEX,LLMDEX identity,True,True
artificial_analysis_benchmarks,canonical_name,Canonical Name,Text,Artificial Analysis export field canonical_name,,True,296,Non-null model variant observations in export snapshot (296 records),Do not summarize,Artificial Analysis / LLMDEX,LLMDEX identity,True,True
artificial_analysis_benchmarks,creator,Creator,Text,Artificial Analysis export field creator,,True,296,Non-null model variant observations in export snapshot (296 records),Do not summarize,Artificial Analysis / LLMDEX,LLMDEX identity,True,True
artificial_analysis_benchmarks,family_id,Family Id,Text,Artificial Analysis export field family_id,,True,296,Non-null model variant observations in export snapshot (296 records),Do not summarize,Artificial Analysis / LLMDEX,LLMDEX identity,True,True
artificial_analysis_benchmarks,is_family_representative,Is Family Representative,Text,Artificial Analysis export field is_family_representative,,True,296,Non-null model variant observations in export snapshot (296 records),Do not summarize,Artificial Analysis / LLMDEX,LLMDEX identity,True,True
artificial_analysis_benchmarks,is_open_weights,Is Open Weights,Text,Artificial Analysis export field is_open_weights,,True,296,Non-null model variant observations in export snapshot (296 records),Do not summarize,Artificial Analysis / LLMDEX,LLMDEX identity,True,True
artificial_analysis_benchmarks,license_type,License Type,Text,Artificial Analysis export field license_type,,True,296,Non-null model variant observations in export snapshot (296 records),Do not summarize,Artificial Analysis / LLMDEX,LLMDEX identity,True,True
artificial_analysis_benchmarks,llmdex_adjusted_performance,Adjusted Performance,Decimal number,Artificial Analysis export field llmdex_adjusted_performance,,True,288,Non-null model variant observations in export snapshot (288 records),Average,LLMDEX,LLMDEX derived,True,True
artificial_analysis_benchmarks,llmdex_composite_index,Composite Index,Decimal number,Artificial Analysis export field llmdex_composite_index,index,True,213,Non-null model variant observations in export snapshot (213 records),Average,LLMDEX,LLMDEX derived,True,True
artificial_analysis_benchmarks,llmdex_confidence_factor,Confidence Factor,Decimal number,Artificial Analysis export field llmdex_confidence_factor,,True,296,Non-null model variant observations in export snapshot (296 records),Average,LLMDEX,LLMDEX derived,True,True
artificial_analysis_benchmarks,llmdex_cost_index,Cost Index,Decimal number,Artificial Analysis export field llmdex_cost_index,index,False,218,Non-null model variant observations in export snapshot (218 records),Average,LLMDEX,LLMDEX derived,True,True
artificial_analysis_benchmarks,llmdex_coverage_score,Coverage Score,Decimal number,Artificial Analysis export field llmdex_coverage_score,index,True,296,Non-null model variant observations in export snapshot (296 records),Average,LLMDEX,LLMDEX derived,True,True
artificial_analysis_benchmarks,llmdex_efficiency_rank,Efficiency Rank,Whole number,Artificial Analysis export field llmdex_efficiency_rank,,False,101,Non-null model variant observations in export snapshot (101 records),Minimum,LLMDEX,LLMDEX derived,True,True
artificial_analysis_benchmarks,llmdex_efficiency_score,Efficiency Score,Decimal number,Artificial Analysis export field llmdex_efficiency_score,index,True,101,Non-null model variant observations in export snapshot (101 records),Average,LLMDEX,LLMDEX derived,True,True
artificial_analysis_benchmarks,llmdex_performance_component_count,Performance Component Count,Decimal number,Artificial Analysis export field llmdex_performance_component_count,,True,296,Non-null model variant observations in export snapshot (296 records),Average,LLMDEX,LLMDEX derived,True,True
artificial_analysis_benchmarks,llmdex_performance_rank,Performance Rank,Whole number,Artificial Analysis export field llmdex_performance_rank,,False,288,Non-null model variant observations in export snapshot (288 records),Minimum,LLMDEX,LLMDEX derived,True,True
artificial_analysis_benchmarks,llmdex_speed_index,Speed Index,Decimal number,Artificial Analysis export field llmdex_speed_index,index,True,191,Non-null model variant observations in export snapshot (191 records),Average,LLMDEX,LLMDEX derived,True,True
artificial_analysis_benchmarks,llmdex_value_rank,Value Rank,Whole number,Artificial Analysis export field llmdex_value_rank,,False,213,Non-null model variant observations in export snapshot (213 records),Minimum,LLMDEX,LLMDEX derived,True,True
artificial_analysis_benchmarks,methodology_version,Methodology Version,Text,Artificial Analysis export field methodology_version,,True,296,Non-null model variant observations in export snapshot (296 records),Do not summarize,Artificial Analysis / LLMDEX,LLMDEX identity,True,True
artificial_analysis_benchmarks,model_key,Model Key,Text,Artificial Analysis export field model_key,,True,296,Non-null model variant observations in export snapshot (296 records),Do not summarize,Artificial Analysis / LLMDEX,LLMDEX identity,False,True
artificial_analysis_benchmarks,provider,Provider,Text,Artificial Analysis export field provider,,True,296,Non-null model variant observations in export snapshot (296 records),Do not summarize,Artificial Analysis / LLMDEX,LLMDEX identity,True,True
artificial_analysis_benchmarks,provider_id,Provider Id,Text,Artificial Analysis export field provider_id,,True,296,Non-null model variant observations in export snapshot (296 records),Do not summarize,Artificial Analysis / LLMDEX,LLMDEX identity,True,True
artificial_analysis_benchmarks,schema_version,Schema Version,Text,Artificial Analysis export field schema_version,,True,296,Non-null model variant observations in export snapshot (296 records),Do not summarize,Artificial Analysis / LLMDEX,LLMDEX identity,False,True
artificial_analysis_benchmarks,snapshot_date,Snapshot Date,Text,Artificial Analysis export field snapshot_date,,True,296,Non-null model variant observations in export snapshot (296 records),Do not summarize,Artificial Analysis / LLMDEX,LLMDEX identity,False,True
artificial_analysis_benchmarks,source,Source,Text,Artificial Analysis export field source,,True,296,Non-null model variant observations in export snapshot (296 records),Do not summarize,Artificial Analysis / LLMDEX,LLMDEX identity,False,True
artificial_analysis_benchmarks,source_model_id,Source Model Id,Text,Artificial Analysis export field source_model_id,,True,296,Non-null model variant observations in export snapshot (296 records),Do not summarize,Artificial Analysis / LLMDEX,LLMDEX identity,True,True
artificial_analysis_benchmarks,source_model_url,Source Model Url,Text,Artificial Analysis export field source_model_url,,True,296,Non-null model variant observations in export snapshot (296 records),Do not summarize,Artificial Analysis / LLMDEX,LLMDEX identity,True,True
artificial_analysis_benchmarks,source_name,Source Name,Text,Artificial Analysis export field source_name,,True,296,Non-null model variant observations in export snapshot (296 records),Do not summarize,Artificial Analysis / LLMDEX,LLMDEX identity,True,True
artificial_analysis_benchmarks,source_rank,Source Rank,Whole number,Artificial Analysis export field source_rank,,False,296,Non-null model variant observations in export snapshot (296 records),Minimum,Artificial Analysis / LLMDEX,LLMDEX identity,True,True
artificial_analysis_benchmarks,variant_id,Variant Id,Text,Artificial Analysis export field variant_id,,True,296,Non-null model variant observations in export snapshot (296 records),Do not summarize,Artificial Analysis / LLMDEX,LLMDEX identity,True,True
llmstats_benchmarks,availability_class,Availability Class,Text,LLMStats base field availability_class,,True,304,Non-null model capability observations in export snapshot (304 records),Do not summarize,LLMStats,LLMStats,True,True
llmstats_benchmarks,benchmark_aime_2025,AIME 2025,Decimal number,Source-native LLMStats benchmark observation: AIME 2025,score,True,11,Non-null model observations published for this benchmark in current capability contracts (11 records),Average,LLMStats,LLMStats,True,True
llmstats_benchmarks,benchmark_arc_agi_v2,ARC-AGI v2,Decimal number,Source-native LLMStats benchmark observation: ARC-AGI v2,score,True,2,Non-null model observations published for this benchmark in current capability contracts (2 records),Average,LLMStats,LLMStats,True,True
llmstats_benchmarks,benchmark_browsecomp,BrowseComp,Decimal number,Source-native LLMStats benchmark observation: BrowseComp,score,True,50,Non-null model observations published for this benchmark in current capability contracts (50 records),Average,LLMStats,LLMStats,True,True
llmstats_benchmarks,benchmark_gpqa,GPQA,Decimal number,Source-native LLMStats benchmark observation: GPQA,score,True,16,Non-null model observations published for this benchmark in current capability contracts (16 records),Average,LLMStats,LLMStats,True,True
llmstats_benchmarks,benchmark_llmstats_aa_lcr,AA-LCR,Decimal number,Source-native LLMStats benchmark observation: AA-LCR,score,True,22,Non-null model observations published for this benchmark in current capability contracts (22 records),Average,LLMStats,LLMStats,True,True
llmstats_benchmarks,benchmark_llmstats_agents_last_exam,Agents' Last Exam,Decimal number,Source-native LLMStats benchmark observation: Agents' Last Exam,score,True,26,Non-null model observations published for this benchmark in current capability contracts (26 records),Average,LLMStats,LLMStats,True,True
llmstats_benchmarks,benchmark_llmstats_aime_2026,AIME 2026,Decimal number,Source-native LLMStats benchmark observation: AIME 2026,score,True,6,Non-null model observations published for this benchmark in current capability contracts (6 records),Average,LLMStats,LLMStats,True,True
llmstats_benchmarks,benchmark_llmstats_apex_agents,Apex Agents,Decimal number,Source-native LLMStats benchmark observation: Apex Agents,score,True,4,Non-null model observations published for this benchmark in current capability contracts (4 records),Average,LLMStats,LLMStats,True,True
llmstats_benchmarks,benchmark_llmstats_arena_avg,Arena Avg,Decimal number,Source-native LLMStats benchmark observation: Arena Avg,score,True,30,Non-null model observations published for this benchmark in current capability contracts (30 records),Average,LLMStats,LLMStats,True,True
llmstats_benchmarks,benchmark_llmstats_automationbench,AutomationBench,Decimal number,Source-native LLMStats benchmark observation: AutomationBench,score,True,30,Non-null model observations published for this benchmark in current capability contracts (30 records),Average,LLMStats,LLMStats,True,True
llmstats_benchmarks,benchmark_llmstats_browsecomp_zh,BrowseComp-zh,Decimal number,Source-native LLMStats benchmark observation: BrowseComp-zh,score,True,2,Non-null model observations published for this benchmark in current capability contracts (2 records),Average,LLMStats,LLMStats,True,True
llmstats_benchmarks,benchmark_llmstats_charxiv_r,CharXiv-R,Decimal number,Source-native LLMStats benchmark observation: CharXiv-R,score,True,12,Non-null model observations published for this benchmark in current capability contracts (12 records),Average,LLMStats,LLMStats,True,True
llmstats_benchmarks,benchmark_llmstats_code_arena,Code Arena,Decimal number,Source-native LLMStats benchmark observation: Code Arena,score,True,13,Non-null model observations published for this benchmark in current capability contracts (13 records),Average,LLMStats,LLMStats,True,True
llmstats_benchmarks,benchmark_llmstats_deepsearchqa,DeepSearchQA,Decimal number,Source-native LLMStats benchmark observation: DeepSearchQA,score,True,14,Non-null model observations published for this benchmark in current capability contracts (14 records),Average,LLMStats,LLMStats,True,True
llmstats_benchmarks,benchmark_llmstats_deepswe_1_1,DeepSWE 1.1,Decimal number,Source-native LLMStats benchmark observation: DeepSWE 1.1,score,True,44,Non-null model observations published for this benchmark in current capability contracts (44 records),Average,LLMStats,LLMStats,True,True
llmstats_benchmarks,benchmark_llmstats_draco,DRACO,Decimal number,Source-native LLMStats benchmark observation: DRACO,score,True,4,Non-null model observations published for this benchmark in current capability contracts (4 records),Average,LLMStats,LLMStats,True,True
llmstats_benchmarks,benchmark_llmstats_finance,Finance,Decimal number,Source-native LLMStats benchmark observation: Finance,score,True,17,Non-null model observations published for this benchmark in current capability contracts (17 records),Average,LLMStats,LLMStats,True,True
llmstats_benchmarks,benchmark_llmstats_frontiercode_1_1,FrontierCode 1.1,Decimal number,Source-native LLMStats benchmark observation: FrontierCode 1.1,score,True,26,Non-null model observations published for this benchmark in current capability contracts (26 records),Average,LLMStats,LLMStats,True,True
llmstats_benchmarks,benchmark_llmstats_frontiermath,FrontierMath,Decimal number,Source-native LLMStats benchmark observation: FrontierMath,score,True,4,Non-null model observations published for this benchmark in current capability contracts (4 records),Average,LLMStats,LLMStats,True,True
llmstats_benchmarks,benchmark_llmstats_health,Health,Decimal number,Source-native LLMStats benchmark observation: Health,score,True,12,Non-null model observations published for this benchmark in current capability contracts (12 records),Average,LLMStats,LLMStats,True,True
llmstats_benchmarks,benchmark_llmstats_hle,HLE,Decimal number,Source-native LLMStats benchmark observation: HLE,score,True,19,Non-null model observations published for this benchmark in current capability contracts (19 records),Average,LLMStats,LLMStats,True,True
llmstats_benchmarks,benchmark_llmstats_legal,Legal,Decimal number,Source-native LLMStats benchmark observation: Legal,score,True,14,Non-null model observations published for this benchmark in current capability contracts (14 records),Average,LLMStats,LLMStats,True,True
llmstats_benchmarks,benchmark_llmstats_livecodebench_v6,LiveCodeBench v6,Decimal number,Source-native LLMStats benchmark observation: LiveCodeBench v6,score,True,8,Non-null model observations published for this benchmark in current capability contracts (8 records),Average,LLMStats,LLMStats,True,True
llmstats_benchmarks,benchmark_llmstats_longbench_v2,LongBench v2,Decimal number,Source-native LLMStats benchmark observation: LongBench v2,score,True,22,Non-null model observations published for this benchmark in current capability contracts (22 records),Average,LLMStats,LLMStats,True,True
llmstats_benchmarks,benchmark_llmstats_lvbench,LVBench,Decimal number,Source-native LLMStats benchmark observation: LVBench,score,True,24,Non-null model observations published for this benchmark in current capability contracts (24 records),Average,LLMStats,LLMStats,True,True
llmstats_benchmarks,benchmark_llmstats_mathvista,MathVista,Decimal number,Source-native LLMStats benchmark observation: MathVista,score,True,4,Non-null model observations published for this benchmark in current capability contracts (4 records),Average,LLMStats,LLMStats,True,True
llmstats_benchmarks,benchmark_llmstats_mm_mt_bench,MM-MT-Bench,Decimal number,Source-native LLMStats benchmark observation: MM-MT-Bench,score,True,2,Non-null model observations published for this benchmark in current capability contracts (2 records),Average,LLMStats,LLMStats,True,True
llmstats_benchmarks,benchmark_llmstats_mmlu_pro,MMLU-Pro,Decimal number,Source-native LLMStats benchmark observation: MMLU-Pro,score,True,17,Non-null model observations published for this benchmark in current capability contracts (17 records),Average,LLMStats,LLMStats,True,True
llmstats_benchmarks,benchmark_llmstats_mmmlu,MMMLU,Decimal number,Source-native LLMStats benchmark observation: MMMLU,score,True,2,Non-null model observations published for this benchmark in current capability contracts (2 records),Average,LLMStats,LLMStats,True,True
llmstats_benchmarks,benchmark_llmstats_mmmu_pro,MMMU-Pro,Decimal number,Source-native LLMStats benchmark observation: MMMU-Pro,score,True,7,Non-null model observations published for this benchmark in current capability contracts (7 records),Average,LLMStats,LLMStats,True,True
llmstats_benchmarks,benchmark_llmstats_mrcr_v2_8_needle,MRCR v2 (8-needle),Decimal number,Source-native LLMStats benchmark observation: MRCR v2 (8-needle),score,True,16,Non-null model observations published for this benchmark in current capability contracts (16 records),Average,LLMStats,LLMStats,True,True
llmstats_benchmarks,benchmark_llmstats_mt_bench,MT-Bench,Decimal number,Source-native LLMStats benchmark observation: MT-Bench,score,True,4,Non-null model observations published for this benchmark in current capability contracts (4 records),Average,LLMStats,LLMStats,True,True
llmstats_benchmarks,benchmark_llmstats_multi_challenge,Multi-Challenge,Decimal number,Source-native LLMStats benchmark observation: Multi-Challenge,score,True,12,Non-null model observations published for this benchmark in current capability contracts (12 records),Average,LLMStats,LLMStats,True,True
llmstats_benchmarks,benchmark_llmstats_multi_if,Multi-IF,Decimal number,Source-native LLMStats benchmark observation: Multi-IF,score,True,2,Non-null model observations published for this benchmark in current capability contracts (2 records),Average,LLMStats,LLMStats,True,True
llmstats_benchmarks,benchmark_llmstats_natural_questions,Natural Questions,Decimal number,Source-native LLMStats benchmark observation: Natural Questions,score,True,2,Non-null model observations published for this benchmark in current capability contracts (2 records),Average,LLMStats,LLMStats,True,True
llmstats_benchmarks,benchmark_llmstats_nl2repo,NL2Repo,Decimal number,Source-native LLMStats benchmark observation: NL2Repo,score,True,22,Non-null model observations published for this benchmark in current capability contracts (22 records),Average,LLMStats,LLMStats,True,True
llmstats_benchmarks,benchmark_llmstats_osworld,OSWorld,Decimal number,Source-native LLMStats benchmark observation: OSWorld,score,True,1,Non-null model observations published for this benchmark in current capability contracts (1 records),Average,LLMStats,LLMStats,True,True
llmstats_benchmarks,benchmark_llmstats_screenspot_pro,ScreenSpot Pro,Decimal number,Source-native LLMStats benchmark observation: ScreenSpot Pro,score,True,3,Non-null model observations published for this benchmark in current capability contracts (3 records),Average,LLMStats,LLMStats,True,True
llmstats_benchmarks,benchmark_llmstats_seal_0,Seal-0,Decimal number,Source-native LLMStats benchmark observation: Seal-0,score,True,4,Non-null model observations published for this benchmark in current capability contracts (4 records),Average,LLMStats,LLMStats,True,True
llmstats_benchmarks,benchmark_llmstats_swe_bench_multilingual,SWE-bench Multilingual,Decimal number,Source-native LLMStats benchmark observation: SWE-bench Multilingual,score,True,16,Non-null model observations published for this benchmark in current capability contracts (16 records),Average,LLMStats,LLMStats,True,True
llmstats_benchmarks,benchmark_llmstats_swe_bench_pro,SWE-Bench Pro,Decimal number,Source-native LLMStats benchmark observation: SWE-Bench Pro,score,True,56,Non-null model observations published for this benchmark in current capability contracts (56 records),Average,LLMStats,LLMStats,True,True
llmstats_benchmarks,benchmark_llmstats_tau2_airline,Tau2 Airline,Decimal number,Source-native LLMStats benchmark observation: Tau2 Airline,score,True,23,Non-null model observations published for this benchmark in current capability contracts (23 records),Average,LLMStats,LLMStats,True,True
llmstats_benchmarks,benchmark_llmstats_tau2_retail,Tau2 Retail,Decimal number,Source-native LLMStats benchmark observation: Tau2 Retail,score,True,31,Non-null model observations published for this benchmark in current capability contracts (31 records),Average,LLMStats,LLMStats,True,True
llmstats_benchmarks,benchmark_llmstats_tau2_telecom,Tau2 Telecom,Decimal number,Source-native LLMStats benchmark observation: Tau2 Telecom,score,True,37,Non-null model observations published for this benchmark in current capability contracts (37 records),Average,LLMStats,LLMStats,True,True
llmstats_benchmarks,benchmark_llmstats_tau_bench_airline,TAU-bench Airline,Decimal number,Source-native LLMStats benchmark observation: TAU-bench Airline,score,True,16,Non-null model observations published for this benchmark in current capability contracts (16 records),Average,LLMStats,LLMStats,True,True
llmstats_benchmarks,benchmark_llmstats_tau_bench_retail,TAU-bench Retail,Decimal number,Source-native LLMStats benchmark observation: TAU-bench Retail,score,True,16,Non-null model observations published for this benchmark in current capability contracts (16 records),Average,LLMStats,LLMStats,True,True
llmstats_benchmarks,benchmark_llmstats_terminal_bench_2_0,Terminal-Bench 2.0,Decimal number,Source-native LLMStats benchmark observation: Terminal-Bench 2.0,score,True,24,Non-null model observations published for this benchmark in current capability contracts (24 records),Average,LLMStats,LLMStats,True,True
llmstats_benchmarks,benchmark_llmstats_terminal_bench_2_1,Terminal-Bench 2.1,Decimal number,Source-native LLMStats benchmark observation: Terminal-Bench 2.1,score,True,69,Non-null model observations published for this benchmark in current capability contracts (69 records),Average,LLMStats,LLMStats,True,True
llmstats_benchmarks,benchmark_llmstats_toolathlon,Toolathlon,Decimal number,Source-native LLMStats benchmark observation: Toolathlon,score,True,53,Non-null model observations published for this benchmark in current capability contracts (53 records),Average,LLMStats,LLMStats,True,True
llmstats_benchmarks,benchmark_llmstats_vision,Vision,Decimal number,Source-native LLMStats benchmark observation: Vision,score,True,27,Non-null model observations published for this benchmark in current capability contracts (27 records),Average,LLMStats,LLMStats,True,True
llmstats_benchmarks,benchmark_llmstats_widesearch,WideSearch,Decimal number,Source-native LLMStats benchmark observation: WideSearch,score,True,12,Non-null model observations published for this benchmark in current capability contracts (12 records),Average,LLMStats,LLMStats,True,True
llmstats_benchmarks,benchmark_llmstats_writingbench,WritingBench,Decimal number,Source-native LLMStats benchmark observation: WritingBench,score,True,2,Non-null model observations published for this benchmark in current capability contracts (2 records),Average,LLMStats,LLMStats,True,True
llmstats_benchmarks,benchmark_mcp_atlas,MCP Atlas,Decimal number,Source-native LLMStats benchmark observation: MCP Atlas,score,True,29,Non-null model observations published for this benchmark in current capability contracts (29 records),Average,LLMStats,LLMStats,True,True
llmstats_benchmarks,benchmark_mrcr_v2,MRCR v2,Decimal number,Source-native LLMStats benchmark observation: MRCR v2,score,True,7,Non-null model observations published for this benchmark in current capability contracts (7 records),Average,LLMStats,LLMStats,True,True
llmstats_benchmarks,benchmark_scicode,SciCode,Decimal number,Source-native LLMStats benchmark observation: SciCode,score,True,16,Non-null model observations published for this benchmark in current capability contracts (16 records),Average,LLMStats,LLMStats,True,True
llmstats_benchmarks,benchmark_swe_bench_verified,SWE-bench Verified,Decimal number,Source-native LLMStats benchmark observation: SWE-bench Verified,score,True,24,Non-null model observations published for this benchmark in current capability contracts (24 records),Average,LLMStats,LLMStats,True,True
llmstats_benchmarks,canonical_name,Canonical Name,Text,LLMStats base field canonical_name,,True,304,Non-null model capability observations in export snapshot (304 records),Do not summarize,LLMStats,LLMStats,True,True
llmstats_benchmarks,capability,Capability,Text,LLMStats base field capability,,True,304,Non-null model capability observations in export snapshot (304 records),Do not summarize,LLMStats,LLMStats,False,True
llmstats_benchmarks,category_rank,Category Rank,Whole number,LLMStats base field category_rank,rank,False,240,Non-null model capability observations in export snapshot (240 records),Minimum,LLMStats,LLMStats,True,True
llmstats_benchmarks,category_score,Category Score,Decimal number,LLMStats base field category_score,index,True,240,Non-null model capability observations in export snapshot (240 records),Average,LLMStats,LLMStats,True,True
llmstats_benchmarks,family_id,Family Id,Text,LLMStats base field family_id,,True,304,Non-null model capability observations in export snapshot (304 records),Do not summarize,LLMStats,LLMStats,True,True
llmstats_benchmarks,is_open_weights,Is Open Weights,Text,LLMStats base field is_open_weights,,True,124,Non-null model capability observations in export snapshot (124 records),Do not summarize,LLMStats,LLMStats,True,True
llmstats_benchmarks,match_status,Match Status,Text,LLMStats base field match_status,,True,304,Non-null model capability observations in export snapshot (304 records),Do not summarize,LLMStats,LLMStats,True,True
llmstats_benchmarks,original_source_name,Original Source Name,Text,LLMStats base field original_source_name,,True,0,Non-null model capability observations in export snapshot (0 records),Do not summarize,LLMStats,LLMStats,True,False
llmstats_benchmarks,provider,Provider,Text,LLMStats base field provider,,True,304,Non-null model capability observations in export snapshot (304 records),Do not summarize,LLMStats,LLMStats,True,True
llmstats_benchmarks,provider_id,Provider Id,Text,LLMStats base field provider_id,,True,304,Non-null model capability observations in export snapshot (304 records),Do not summarize,LLMStats,LLMStats,True,True
llmstats_benchmarks,schema_version,Schema Version,Text,LLMStats base field schema_version,,True,304,Non-null model capability observations in export snapshot (304 records),Do not summarize,LLMStats,LLMStats,False,True
llmstats_benchmarks,snapshot_date,Snapshot Date,Text,LLMStats base field snapshot_date,,True,304,Non-null model capability observations in export snapshot (304 records),Do not summarize,LLMStats,LLMStats,False,True
llmstats_benchmarks,source,Source,Text,LLMStats base field source,,True,304,Non-null model capability observations in export snapshot (304 records),Do not summarize,LLMStats,LLMStats,False,True
llmstats_benchmarks,source_model_id,Source Model Id,Text,LLMStats base field source_model_id,,True,304,Non-null model capability observations in export snapshot (304 records),Do not summarize,LLMStats,LLMStats,True,True
llmstats_benchmarks,source_model_url,Source Model Url,Text,LLMStats base field source_model_url,,True,304,Non-null model capability observations in export snapshot (304 records),Do not summarize,LLMStats,LLMStats,True,True
llmstats_benchmarks,source_name,Source Name,Text,LLMStats base field source_name,,True,304,Non-null model capability observations in export snapshot (304 records),Do not summarize,LLMStats,LLMStats,True,True
model_family_history,aa_intelligence,Aa Intelligence,Decimal number,Model family history progression field aa_intelligence,index,True,9049,Non-null family observation rows with aa_intelligence present (9049 records),Average,LLMDEX History,Artificial Analysis / LLMStats,True,True
model_family_history,aa_rank,Aa Rank,Whole number,Model family history progression field aa_rank,,False,8570,Non-null family observation rows with aa_rank present (8570 records),Minimum,LLMDEX History,Artificial Analysis / LLMStats,True,True
model_family_history,agreement,Agreement,Text,Model family history progression field agreement,,True,599,Non-null family observation rows with agreement present (599 records),Do not summarize,LLMDEX History,Artificial Analysis / LLMStats,True,True
model_family_history,availability_class,Availability Class,Text,Model family history progression field availability_class,,True,10418,Non-null family observation rows with availability_class present (10418 records),Do not summarize,LLMDEX History,Artificial Analysis / LLMStats,True,True
model_family_history,blended_cost_usd_per_1m,Blended Cost Usd Per 1M,Decimal number,Model family history progression field blended_cost_usd_per_1m,USD / 1M tokens,False,5351,Non-null family observation rows with blended_cost_usd_per_1m present (5351 records),Average,LLMDEX History,Artificial Analysis / LLMStats,True,True
model_family_history,canonical_family_name,Canonical Family Name,Text,Model family history progression field canonical_family_name,,True,12328,Non-null family observation rows with canonical_family_name present (12328 records),Do not summarize,LLMDEX History,Artificial Analysis / LLMStats,True,True
model_family_history,context_window_tokens,Context Window Tokens,Whole number,Model family history progression field context_window_tokens,,True,8265,Non-null family observation rows with context_window_tokens present (8265 records),Do not summarize,LLMDEX History,Artificial Analysis / LLMStats,True,True
model_family_history,evidence_source,Evidence Source,Text,Model family history progression field evidence_source,,True,12328,Non-null family observation rows with evidence_source present (12328 records),Do not summarize,LLMDEX History,Artificial Analysis / LLMStats,True,True
model_family_history,family_id,Family Id,Text,Model family history progression field family_id,,True,12328,Non-null family observation rows with family_id present (12328 records),Do not summarize,LLMDEX History,Artificial Analysis / LLMStats,False,True
model_family_history,first_seen_date,First Seen Date,Text,Model family history progression field first_seen_date,,True,12328,Non-null family observation rows with first_seen_date present (12328 records),Do not summarize,LLMDEX History,Artificial Analysis / LLMStats,True,True
model_family_history,historical_metric_source,Historical Metric Source,Text,Model family history progression field historical_metric_source,,True,12328,Non-null family observation rows with historical_metric_source present (12328 records),Do not summarize,LLMDEX History,historical catalogue,True,True
model_family_history,input_cost_usd_per_1m,Input Cost Usd Per 1M,Decimal number,Model family history progression field input_cost_usd_per_1m,USD / 1M tokens,False,5351,Non-null family observation rows with input_cost_usd_per_1m present (5351 records),Average,LLMDEX History,Artificial Analysis / LLMStats,True,True
model_family_history,is_comparable_to_current,Is Comparable To Current,Text,Model family history progression field is_comparable_to_current,,True,12328,Non-null family observation rows with is_comparable_to_current present (12328 records),Do not summarize,LLMDEX History,historical catalogue,True,True
model_family_history,is_current,Is Current,True/False,Model family history progression field is_current,,True,12328,Non-null family observation rows with is_current present (12328 records),Do not summarize,LLMDEX History,Artificial Analysis / LLMStats,True,True
model_family_history,is_open_weights,Is Open Weights,True/False,Model family history progression field is_open_weights,,True,8775,Non-null family observation rows with is_open_weights present (8775 records),Do not summarize,LLMDEX History,Artificial Analysis / LLMStats,True,True
model_family_history,last_seen_date,Last Seen Date,Text,Model family history progression field last_seen_date,,True,12328,Non-null family observation rows with last_seen_date present (12328 records),Do not summarize,LLMDEX History,Artificial Analysis / LLMStats,True,True
model_family_history,latency_seconds,Latency Seconds,Decimal number,Model family history progression field latency_seconds,,False,4487,Non-null family observation rows with latency_seconds present (4487 records),Average,LLMDEX History,Artificial Analysis / LLMStats,True,True
model_family_history,llmdex_rank,Llmdex Rank,Whole number,Model family history progression field llmdex_rank,,False,599,Non-null family observation rows with llmdex_rank present (599 records),Minimum,LLMDEX History,LLMDEX derived,True,True
model_family_history,llmdex_score,Llmdex Score,Decimal number,Model family history progression field llmdex_score,index,True,599,Non-null family observation rows with llmdex_score present (599 records),Average,LLMDEX History,LLMDEX derived,True,True
model_family_history,llmstats_general_rank,Llmstats General Rank,Whole number,Model family history progression field llmstats_general_rank,,False,1353,Non-null family observation rows with llmstats_general_rank present (1353 records),Minimum,LLMDEX History,Artificial Analysis / LLMStats,True,True
model_family_history,llmstats_general_score,Llmstats General Score,Decimal number,Model family history progression field llmstats_general_score,index,True,1353,Non-null family observation rows with llmstats_general_score present (1353 records),Average,LLMDEX History,Artificial Analysis / LLMStats,True,True
model_family_history,metric_methodology_version,Metric Methodology Version,Text,Model family history progression field metric_methodology_version,,True,12328,Non-null family observation rows with metric_methodology_version present (12328 records),Do not summarize,LLMDEX History,historical catalogue,True,True
model_family_history,observation_date,Observation Date,Text,Model family history progression field observation_date,,True,12328,Non-null family observation rows with observation_date present (12328 records),Do not summarize,LLMDEX History,Artificial Analysis / LLMStats,False,True
model_family_history,output_cost_usd_per_1m,Output Cost Usd Per 1M,Decimal number,Model family history progression field output_cost_usd_per_1m,USD / 1M tokens,False,5351,Non-null family observation rows with output_cost_usd_per_1m present (5351 records),Average,LLMDEX History,Artificial Analysis / LLMStats,True,True
model_family_history,provider,Provider,Text,Model family history progression field provider,,True,10418,Non-null family observation rows with provider present (10418 records),Do not summarize,LLMDEX History,Artificial Analysis / LLMStats,True,True
model_family_history,provider_id,Provider Id,Text,Model family history progression field provider_id,,True,10418,Non-null family observation rows with provider_id present (10418 records),Do not summarize,LLMDEX History,Artificial Analysis / LLMStats,True,True
model_family_history,record_type,Record Type,Text,Model family history progression field record_type,,True,12328,Non-null family observation rows with record_type present (12328 records),Do not summarize,LLMDEX History,Artificial Analysis / LLMStats,False,True
model_family_history,release_date,Release Date,Text,Model family history progression field release_date,,True,630,Non-null family observation rows with release_date present (630 records),Do not summarize,LLMDEX History,Artificial Analysis / LLMStats,True,True
model_family_history,representative_model_name,Representative Model Name,Text,Model family history progression field representative_model_name,,True,8895,Non-null family observation rows with representative_model_name present (8895 records),Do not summarize,LLMDEX History,Artificial Analysis / LLMStats,True,True
model_family_history,representative_variant_id,Representative Variant Id,Text,Model family history progression field representative_variant_id,,True,9207,Non-null family observation rows with representative_variant_id present (9207 records),Do not summarize,LLMDEX History,Artificial Analysis / LLMStats,True,True
model_family_history,schema_version,Schema Version,Text,Model family history progression field schema_version,,True,12328,Non-null family observation rows with schema_version present (12328 records),Do not summarize,LLMDEX History,Artificial Analysis / LLMStats,False,True
model_family_history,score_status,Score Status,Decimal number,Model family history progression field score_status,index,True,12328,Non-null family observation rows with score_status present (12328 records),Average,LLMDEX History,Artificial Analysis / LLMStats,True,True
model_family_history,score_version,Score Version,Decimal number,Model family history progression field score_version,index,True,12328,Non-null family observation rows with score_version present (12328 records),Average,LLMDEX History,Artificial Analysis / LLMStats,True,True
model_family_history,snapshot_date,Snapshot Date,Text,Model family history progression field snapshot_date,,True,12328,Non-null family observation rows with snapshot_date present (12328 records),Do not summarize,LLMDEX History,Artificial Analysis / LLMStats,True,True
model_family_history,source_presence,Source Presence,Text,Model family history progression field source_presence,,True,12328,Non-null family observation rows with source_presence present (12328 records),Do not summarize,LLMDEX History,Artificial Analysis / LLMStats,True,True
model_family_history,tokens_per_second,Tokens Per Second,Whole number,Model family history progression field tokens_per_second,,True,4487,Non-null family observation rows with tokens_per_second present (4487 records),Do not summarize,LLMDEX History,Artificial Analysis / LLMStats,True,True
provider_metadata,brand_color,Brand Color,Text,Provider dimension field brand_color,,,1,Dynamically discovered canonical providers,Do not summarize,LLMDEX provider registry,LLMDEX curated metadata,True,True
provider_metadata,country,Country,Text,Provider dimension field country,,,32,Dynamically discovered canonical providers,Do not summarize,LLMDEX provider registry,LLMDEX curated metadata,True,True
provider_metadata,country_code,Country Code,Text,Provider dimension field country_code,,,32,Dynamically discovered canonical providers,Do not summarize,LLMDEX provider registry,LLMDEX curated metadata,True,True
provider_metadata,founded_year,Founded Year,Whole number,Provider dimension field founded_year,,,32,Dynamically discovered canonical providers,Do not summarize,LLMDEX provider registry,LLMDEX curated metadata,True,True
provider_metadata,hq_city,Hq City,Text,Provider dimension field hq_city,,,32,Dynamically discovered canonical providers,Do not summarize,LLMDEX provider registry,LLMDEX curated metadata,True,True
provider_metadata,is_active,Is Active,True/False,Provider dimension field is_active,,,60,Dynamically discovered canonical providers,Do not summarize,LLMDEX provider registry,LLMDEX curated metadata,True,True
provider_metadata,latitude,Latitude,Decimal number,Provider dimension field latitude,degrees,,32,Dynamically discovered canonical providers,Do not summarize,LLMDEX provider registry,LLMDEX curated metadata,True,True
provider_metadata,logo_dark_url,Logo Dark Url,Text,Provider dimension field logo_dark_url,,,0,Dynamically discovered canonical providers,Do not summarize,LLMDEX provider registry,LLMDEX curated metadata,True,False
provider_metadata,logo_url,Logo Url,Text,Provider dimension field logo_url,,,60,Dynamically discovered canonical providers,Do not summarize,LLMDEX provider registry,LLMDEX curated metadata,True,True
provider_metadata,longitude,Longitude,Decimal number,Provider dimension field longitude,degrees,,32,Dynamically discovered canonical providers,Do not summarize,LLMDEX provider registry,LLMDEX curated metadata,True,True
provider_metadata,metadata_source_url,Metadata Source Url,Text,Provider dimension field metadata_source_url,,,32,Dynamically discovered canonical providers,Do not summarize,LLMDEX provider registry,LLMDEX curated metadata,True,True
provider_metadata,metadata_verified_at,Metadata Verified At,Date,Provider dimension field metadata_verified_at,,,32,Dynamically discovered canonical providers,Do not summarize,LLMDEX provider registry,LLMDEX curated metadata,True,True
provider_metadata,parent_company,Parent Company,Text,Provider dimension field parent_company,,,3,Dynamically discovered canonical providers,Do not summarize,LLMDEX provider registry,LLMDEX curated metadata,True,True
provider_metadata,provider_aliases,Provider Aliases,Text,Provider dimension field provider_aliases,,,60,Dynamically discovered canonical providers,Do not summarize,LLMDEX provider registry,LLMDEX curated metadata,True,True
provider_metadata,provider_group,Provider Group,Text,Provider dimension field provider_group,,,60,Dynamically discovered canonical providers,Do not summarize,LLMDEX provider registry,LLMDEX curated metadata,True,True
provider_metadata,provider_id,Provider Id,Text,Provider dimension field provider_id,,,60,Dynamically discovered canonical providers,Do not summarize,LLMDEX provider registry,LLMDEX curated metadata,False,True
provider_metadata,provider_name,Provider Name,Text,Provider dimension field provider_name,,,60,Dynamically discovered canonical providers,Do not summarize,LLMDEX provider registry,LLMDEX curated metadata,False,True
provider_metadata,region,Region,Text,Provider dimension field region,,,32,Dynamically discovered canonical providers,Do not summarize,LLMDEX provider registry,LLMDEX curated metadata,True,True
provider_metadata,schema_version,Schema Version,Text,Provider dimension field schema_version,,,60,Dynamically discovered canonical providers,Do not summarize,LLMDEX provider registry,LLMDEX curated metadata,False,True
provider_metadata,snapshot_date,Snapshot Date,Date,Provider dimension field snapshot_date,,,60,Dynamically discovered canonical providers,Do not summarize,LLMDEX provider registry,LLMDEX curated metadata,False,True
provider_metadata,website_url,Website Url,Text,Provider dimension field website_url,,,32,Dynamically discovered canonical providers,Do not summarize,LLMDEX provider registry,LLMDEX curated metadata,True,True
